{
  "name": "seaTableApi",
  "displayName": "SeaTable API",
  "documentationUrl": "seatable",
  "properties": [
    {
      "displayName": "Environment",
      "name": "environment",
      "type": "options",
      "default": "cloudHosted",
      "options": [
        {
          "name": "Cloud-Hosted",
          "value": "cloudHosted"
        },
        {
          "name": "Self-Hosted",
          "value": "selfHosted"
        }
      ]
    },
    {
      "displayName": "Self-Hosted Domain",
      "name": "domain",
      "type": "string",
      "default": "",
      "placeholder": "https://seatable.example.com",
      "displayOptions": {
        "show": {
          "environment": [
            "selfHosted"
          ]
        }
      }
    },
    {
      "displayName": "API Token (of a Base)",
      "name": "token",
      "type": "string",
      "description": "The API-Token of the SeaTable base you would like to use with n8n. n8n can only connect to one base at a time.",
      "typeOptions": {
        "password": true
      },
      "default": ""
    },
    {
      "displayName": "Timezone",
      "name": "timezone",
      "type": "options",
      "default": "",
      "description": "Seatable server's timezone",
      "options": [
        {
          "value": "Europe/Andorra",
          "name": "Europe/Andorra"
        },
        {
          "value": "Asia/Dubai",
          "name": "Asia/Dubai"
        },
        {
          "value": "Asia/Kabul",
          "name": "Asia/Kabul"
        },
        {
          "value": "America/Antigua",
          "name": "America/Antigua"
        },
        {
          "value": "America/Puerto_Rico",
          "name": "America/Puerto_Rico"
        },
        {
          "value": "America/Anguilla",
          "name": "America/Anguilla"
        },
        {
          "value": "America/Puerto_Rico",
          "name": "America/Puerto_Rico"
        },
        {
          "value": "Europe/Tirane",
          "name": "Europe/Tirane"
        },
        {
          "value": "Asia/Yerevan",
          "name": "Asia/Yerevan"
        },
        {
          "value": "Africa/Lagos",
          "name": "Africa/Lagos"
        },
        {
          "value": "Africa/Luanda",
          "name": "Africa/Luanda"
        },
        {
          "value": "Antarctica/Casey",
          "name": "Antarctica/Casey"
        },
        {
          "value": "Antarctica/Davis",
          "name": "Antarctica/Davis"
        },
        {
          "value": "Antarctica/DumontDUrville",
          "name": "Antarctica/DumontDUrville"
        },
        {
          "value": "Antarctica/Mawson",
          "name": "Antarctica/Mawson"
        },
        {
          "value": "Antarctica/McMurdo",
          "name": "Antarctica/McMurdo"
        },
        {
          "value": "Antarctica/Palmer",
          "name": "Antarctica/Palmer"
        },
        {
          "value": "Antarctica/Rothera",
          "name": "Antarctica/Rothera"
        },
        {
          "value": "Antarctica/Syowa",
          "name": "Antarctica/Syowa"
        },
        {
          "value": "Antarctica/Troll",
          "name": "Antarctica/Troll"
        },
        {
          "value": "Antarctica/Vostok",
          "name": "Antarctica/Vostok"
        },
        {
          "value": "Asia/Riyadh",
          "name": "Asia/Riyadh"
        },
        {
          "value": "Asia/Singapore",
          "name": "Asia/Singapore"
        },
        {
          "value": "Pacific/Auckland",
          "name": "Pacific/Auckland"
        },
        {
          "value": "Pacific/Port_Moresby",
          "name": "Pacific/Port_Moresby"
        },
        {
          "value": "America/Argentina/Buenos_Aires",
          "name": "America/Argentina/Buenos_Aires"
        },
        {
          "value": "America/Argentina/Catamarca",
          "name": "America/Argentina/Catamarca"
        },
        {
          "value": "America/Argentina/Cordoba",
          "name": "America/Argentina/Cordoba"
        },
        {
          "value": "America/Argentina/Jujuy",
          "name": "America/Argentina/Jujuy"
        },
        {
          "value": "America/Argentina/La_Rioja",
          "name": "America/Argentina/La_Rioja"
        },
        {
          "value": "America/Argentina/Mendoza",
          "name": "America/Argentina/Mendoza"
        },
        {
          "value": "America/Argentina/Rio_Gallegos",
          "name": "America/Argentina/Rio_Gallegos"
        },
        {
          "value": "America/Argentina/Salta",
          "name": "America/Argentina/Salta"
        },
        {
          "value": "America/Argentina/San_Juan",
          "name": "America/Argentina/San_Juan"
        },
        {
          "value": "America/Argentina/San_Luis",
          "name": "America/Argentina/San_Luis"
        },
        {
          "value": "America/Argentina/Tucuman",
          "name": "America/Argentina/Tucuman"
        },
        {
          "value": "America/Argentina/Ushuaia",
          "name": "America/Argentina/Ushuaia"
        },
        {
          "value": "Pacific/Pago_Pago",
          "name": "Pacific/Pago_Pago"
        },
        {
          "value": "Europe/Vienna",
          "name": "Europe/Vienna"
        },
        {
          "value": "Antarctica/Macquarie",
          "name": "Antarctica/Macquarie"
        },
        {
          "value": "Asia/Tokyo",
          "name": "Asia/Tokyo"
        },
        {
          "value": "Australia/Adelaide",
          "name": "Australia/Adelaide"
        },
        {
          "value": "Australia/Brisbane",
          "name": "Australia/Brisbane"
        },
        {
          "value": "Australia/Broken_Hill",
          "name": "Australia/Broken_Hill"
        },
        {
          "value": "Australia/Darwin",
          "name": "Australia/Darwin"
        },
        {
          "value": "Australia/Eucla",
          "name": "Australia/Eucla"
        },
        {
          "value": "Australia/Hobart",
          "name": "Australia/Hobart"
        },
        {
          "value": "Australia/Lindeman",
          "name": "Australia/Lindeman"
        },
        {
          "value": "Australia/Lord_Howe",
          "name": "Australia/Lord_Howe"
        },
        {
          "value": "Australia/Melbourne",
          "name": "Australia/Melbourne"
        },
        {
          "value": "Australia/Perth",
          "name": "Australia/Perth"
        },
        {
          "value": "Australia/Sydney",
          "name": "Australia/Sydney"
        },
        {
          "value": "America/Aruba",
          "name": "America/Aruba"
        },
        {
          "value": "America/Puerto_Rico",
          "name": "America/Puerto_Rico"
        },
        {
          "value": "Europe/Helsinki",
          "name": "Europe/Helsinki"
        },
        {
          "value": "Europe/Mariehamn",
          "name": "Europe/Mariehamn"
        },
        {
          "value": "Asia/Baku",
          "name": "Asia/Baku"
        },
        {
          "value": "Europe/Belgrade",
          "name": "Europe/Belgrade"
        },
        {
          "value": "Europe/Sarajevo",
          "name": "Europe/Sarajevo"
        },
        {
          "value": "America/Barbados",
          "name": "America/Barbados"
        },
        {
          "value": "Asia/Dhaka",
          "name": "Asia/Dhaka"
        },
        {
          "value": "Europe/Brussels",
          "name": "Europe/Brussels"
        },
        {
          "value": "Africa/Abidjan",
          "name": "Africa/Abidjan"
        },
        {
          "value": "Africa/Ouagadougou",
          "name": "Africa/Ouagadougou"
        },
        {
          "value": "Europe/Sofia",
          "name": "Europe/Sofia"
        },
        {
          "value": "Asia/Bahrain",
          "name": "Asia/Bahrain"
        },
        {
          "value": "Asia/Qatar",
          "name": "Asia/Qatar"
        },
        {
          "value": "Africa/Bujumbura",
          "name": "Africa/Bujumbura"
        },
        {
          "value": "Africa/Maputo",
          "name": "Africa/Maputo"
        },
        {
          "value": "Africa/Lagos",
          "name": "Africa/Lagos"
        },
        {
          "value": "Africa/Porto-Novo",
          "name": "Africa/Porto-Novo"
        },
        {
          "value": "America/Puerto_Rico",
          "name": "America/Puerto_Rico"
        },
        {
          "value": "America/St_Barthelemy",
          "name": "America/St_Barthelemy"
        },
        {
          "value": "Atlantic/Bermuda",
          "name": "Atlantic/Bermuda"
        },
        {
          "value": "Asia/Brunei",
          "name": "Asia/Brunei"
        },
        {
          "value": "Asia/Kuching",
          "name": "Asia/Kuching"
        },
        {
          "value": "America/La_Paz",
          "name": "America/La_Paz"
        },
        {
          "value": "America/Kralendijk",
          "name": "America/Kralendijk"
        },
        {
          "value": "America/Puerto_Rico",
          "name": "America/Puerto_Rico"
        },
        {
          "value": "America/Araguaina",
          "name": "America/Araguaina"
        },
        {
          "value": "America/Bahia",
          "name": "America/Bahia"
        },
        {
          "value": "America/Belem",
          "name": "America/Belem"
        },
        {
          "value": "America/Boa_Vista",
          "name": "America/Boa_Vista"
        },
        {
          "value": "America/Campo_Grande",
          "name": "America/Campo_Grande"
        },
        {
          "value": "America/Cuiaba",
          "name": "America/Cuiaba"
        },
        {
          "value": "America/Eirunepe",
          "name": "America/Eirunepe"
        },
        {
          "value": "America/Fortaleza",
          "name": "America/Fortaleza"
        },
        {
          "value": "America/Maceio",
          "name": "America/Maceio"
        },
        {
          "value": "America/Manaus",
          "name": "America/Manaus"
        },
        {
          "value": "America/Noronha",
          "name": "America/Noronha"
        },
        {
          "value": "America/Porto_Velho",
          "name": "America/Porto_Velho"
        },
        {
          "value": "America/Recife",
          "name": "America/Recife"
        },
        {
          "value": "America/Rio_Branco",
          "name": "America/Rio_Branco"
        },
        {
          "value": "America/Santarem",
          "name": "America/Santarem"
        },
        {
          "value": "America/Sao_Paulo",
          "name": "America/Sao_Paulo"
        },
        {
          "value": "America/Nassau",
          "name": "America/Nassau"
        },
        {
          "value": "America/Toronto",
          "name": "America/Toronto"
        },
        {
          "value": "Asia/Thimphu",
          "name": "Asia/Thimphu"
        },
        {
          "value": "Africa/Gaborone",
          "name": "Africa/Gaborone"
        },
        {
          "value": "Africa/Maputo",
          "name": "Africa/Maputo"
        },
        {
          "value": "Europe/Minsk",
          "name": "Europe/Minsk"
        },
        {
          "value": "America/Belize",
          "name": "America/Belize"
        },
        {
          "value": "America/Atikokan",
          "name": "America/Atikokan"
        },
        {
          "value": "America/Blanc-Sablon",
          "name": "America/Blanc-Sablon"
        },
        {
          "value": "America/Cambridge_Bay",
          "name": "America/Cambridge_Bay"
        },
        {
          "value": "America/Creston",
          "name": "America/Creston"
        },
        {
          "value": "America/Dawson",
          "name": "America/Dawson"
        },
        {
          "value": "America/Dawson_Creek",
          "name": "America/Dawson_Creek"
        },
        {
          "value": "America/Edmonton",
          "name": "America/Edmonton"
        },
        {
          "value": "America/Fort_Nelson",
          "name": "America/Fort_Nelson"
        },
        {
          "value": "America/Glace_Bay",
          "name": "America/Glace_Bay"
        },
        {
          "value": "America/Goose_Bay",
          "name": "America/Goose_Bay"
        },
        {
          "value": "America/Halifax",
          "name": "America/Halifax"
        },
        {
          "value": "America/Inuvik",
          "name": "America/Inuvik"
        },
        {
          "value": "America/Iqaluit",
          "name": "America/Iqaluit"
        },
        {
          "value": "America/Moncton",
          "name": "America/Moncton"
        },
        {
          "value": "America/Panama",
          "name": "America/Panama"
        },
        {
          "value": "America/Phoenix",
          "name": "America/Phoenix"
        },
        {
          "value": "America/Puerto_Rico",
          "name": "America/Puerto_Rico"
        },
        {
          "value": "America/Rankin_Inlet",
          "name": "America/Rankin_Inlet"
        },
        {
          "value": "America/Regina",
          "name": "America/Regina"
        },
        {
          "value": "America/Resolute",
          "name": "America/Resolute"
        },
        {
          "value": "America/St_Johns",
          "name": "America/St_Johns"
        },
        {
          "value": "America/Swift_Current",
          "name": "America/Swift_Current"
        },
        {
          "value": "America/Toronto",
          "name": "America/Toronto"
        },
        {
          "value": "America/Vancouver",
          "name": "America/Vancouver"
        },
        {
          "value": "America/Whitehorse",
          "name": "America/Whitehorse"
        },
        {
          "value": "America/Winnipeg",
          "name": "America/Winnipeg"
        },
        {
          "value": "Asia/Yangon",
          "name": "Asia/Yangon"
        },
        {
          "value": "Indian/Cocos",
          "name": "Indian/Cocos"
        },
        {
          "value": "Africa/Kinshasa",
          "name": "Africa/Kinshasa"
        },
        {
          "value": "Africa/Lagos",
          "name": "Africa/Lagos"
        },
        {
          "value": "Africa/Lubumbashi",
          "name": "Africa/Lubumbashi"
        },
        {
          "value": "Africa/Maputo",
          "name": "Africa/Maputo"
        },
        {
          "value": "Africa/Bangui",
          "name": "Africa/Bangui"
        },
        {
          "value": "Africa/Lagos",
          "name": "Africa/Lagos"
        },
        {
          "value": "Africa/Brazzaville",
          "name": "Africa/Brazzaville"
        },
        {
          "value": "Africa/Lagos",
          "name": "Africa/Lagos"
        },
        {
          "value": "Europe/Zurich",
          "name": "Europe/Zurich"
        },
        {
          "value": "Africa/Abidjan",
          "name": "Africa/Abidjan"
        },
        {
          "value": "Pacific/Rarotonga",
          "name": "Pacific/Rarotonga"
        },
        {
          "value": "America/Coyhaique",
          "name": "America/Coyhaique"
        },
        {
          "value": "America/Punta_Arenas",
          "name": "America/Punta_Arenas"
        },
        {
          "value": "America/Santiago",
          "name": "America/Santiago"
        },
        {
          "value": "Pacific/Easter",
          "name": "Pacific/Easter"
        },
        {
          "value": "Africa/Douala",
          "name": "Africa/Douala"
        },
        {
          "value": "Africa/Lagos",
          "name": "Africa/Lagos"
        },
        {
          "value": "Asia/Shanghai",
          "name": "Asia/Shanghai"
        },
        {
          "value": "Asia/Urumqi",
          "name": "Asia/Urumqi"
        },
        {
          "value": "America/Bogota",
          "name": "America/Bogota"
        },
        {
          "value": "America/Costa_Rica",
          "name": "America/Costa_Rica"
        },
        {
          "value": "America/Havana",
          "name": "America/Havana"
        },
        {
          "value": "Atlantic/Cape_Verde",
          "name": "Atlantic/Cape_Verde"
        },
        {
          "value": "America/Curacao",
          "name": "America/Curacao"
        },
        {
          "value": "America/Puerto_Rico",
          "name": "America/Puerto_Rico"
        },
        {
          "value": "Asia/Bangkok",
          "name": "Asia/Bangkok"
        },
        {
          "value": "Indian/Christmas",
          "name": "Indian/Christmas"
        },
        {
          "value": "Asia/Famagusta",
          "name": "Asia/Famagusta"
        },
        {
          "value": "Asia/Nicosia",
          "name": "Asia/Nicosia"
        },
        {
          "value": "Europe/Prague",
          "name": "Europe/Prague"
        },
        {
          "value": "Europe/Berlin",
          "name": "Europe/Berlin"
        },
        {
          "value": "Europe/Busingen",
          "name": "Europe/Busingen"
        },
        {
          "value": "Europe/Zurich",
          "name": "Europe/Zurich"
        },
        {
          "value": "Africa/Djibouti",
          "name": "Africa/Djibouti"
        },
        {
          "value": "Africa/Nairobi",
          "name": "Africa/Nairobi"
        },
        {
          "value": "Europe/Berlin",
          "name": "Europe/Berlin"
        },
        {
          "value": "Europe/Copenhagen",
          "name": "Europe/Copenhagen"
        },
        {
          "value": "America/Dominica",
          "name": "America/Dominica"
        },
        {
          "value": "America/Puerto_Rico",
          "name": "America/Puerto_Rico"
        },
        {
          "value": "America/Santo_Domingo",
          "name": "America/Santo_Domingo"
        },
        {
          "value": "Africa/Algiers",
          "name": "Africa/Algiers"
        },
        {
          "value": "America/Guayaquil",
          "name": "America/Guayaquil"
        },
        {
          "value": "Pacific/Galapagos",
          "name": "Pacific/Galapagos"
        },
        {
          "value": "Europe/Tallinn",
          "name": "Europe/Tallinn"
        },
        {
          "value": "Africa/Cairo",
          "name": "Africa/Cairo"
        },
        {
          "value": "Africa/El_Aaiun",
          "name": "Africa/El_Aaiun"
        },
        {
          "value": "Africa/Asmara",
          "name": "Africa/Asmara"
        },
        {
          "value": "Africa/Nairobi",
          "name": "Africa/Nairobi"
        },
        {
          "value": "Africa/Ceuta",
          "name": "Africa/Ceuta"
        },
        {
          "value": "Atlantic/Canary",
          "name": "Atlantic/Canary"
        },
        {
          "value": "Europe/Madrid",
          "name": "Europe/Madrid"
        },
        {
          "value": "Africa/Addis_Ababa",
          "name": "Africa/Addis_Ababa"
        },
        {
          "value": "Africa/Nairobi",
          "name": "Africa/Nairobi"
        },
        {
          "value": "Europe/Helsinki",
          "name": "Europe/Helsinki"
        },
        {
          "value": "Pacific/Fiji",
          "name": "Pacific/Fiji"
        },
        {
          "value": "Atlantic/Stanley",
          "name": "Atlantic/Stanley"
        },
        {
          "value": "Pacific/Chuuk",
          "name": "Pacific/Chuuk"
        },
        {
          "value": "Pacific/Guadalcanal",
          "name": "Pacific/Guadalcanal"
        },
        {
          "value": "Pacific/Kosrae",
          "name": "Pacific/Kosrae"
        },
        {
          "value": "Pacific/Pohnpei",
          "name": "Pacific/Pohnpei"
        },
        {
          "value": "Pacific/Port_Moresby",
          "name": "Pacific/Port_Moresby"
        },
        {
          "value": "Atlantic/Faroe",
          "name": "Atlantic/Faroe"
        },
        {
          "value": "Europe/Paris",
          "name": "Europe/Paris"
        },
        {
          "value": "Africa/Lagos",
          "name": "Africa/Lagos"
        },
        {
          "value": "Africa/Libreville",
          "name": "Africa/Libreville"
        },
        {
          "value": "Europe/London",
          "name": "Europe/London"
        },
        {
          "value": "America/Grenada",
          "name": "America/Grenada"
        },
        {
          "value": "America/Puerto_Rico",
          "name": "America/Puerto_Rico"
        },
        {
          "value": "Asia/Tbilisi",
          "name": "Asia/Tbilisi"
        },
        {
          "value": "America/Cayenne",
          "name": "America/Cayenne"
        },
        {
          "value": "Europe/Guernsey",
          "name": "Europe/Guernsey"
        },
        {
          "value": "Europe/London",
          "name": "Europe/London"
        },
        {
          "value": "Africa/Abidjan",
          "name": "Africa/Abidjan"
        },
        {
          "value": "Africa/Accra",
          "name": "Africa/Accra"
        },
        {
          "value": "Europe/Gibraltar",
          "name": "Europe/Gibraltar"
        },
        {
          "value": "America/Danmarkshavn",
          "name": "America/Danmarkshavn"
        },
        {
          "value": "America/Nuuk",
          "name": "America/Nuuk"
        },
        {
          "value": "America/Scoresbysund",
          "name": "America/Scoresbysund"
        },
        {
          "value": "America/Thule",
          "name": "America/Thule"
        },
        {
          "value": "Africa/Abidjan",
          "name": "Africa/Abidjan"
        },
        {
          "value": "Africa/Banjul",
          "name": "Africa/Banjul"
        },
        {
          "value": "Africa/Abidjan",
          "name": "Africa/Abidjan"
        },
        {
          "value": "Africa/Conakry",
          "name": "Africa/Conakry"
        },
        {
          "value": "America/Guadeloupe",
          "name": "America/Guadeloupe"
        },
        {
          "value": "America/Puerto_Rico",
          "name": "America/Puerto_Rico"
        },
        {
          "value": "Africa/Lagos",
          "name": "Africa/Lagos"
        },
        {
          "value": "Africa/Malabo",
          "name": "Africa/Malabo"
        },
        {
          "value": "Europe/Athens",
          "name": "Europe/Athens"
        },
        {
          "value": "Atlantic/South_Georgia",
          "name": "Atlantic/South_Georgia"
        },
        {
          "value": "America/Guatemala",
          "name": "America/Guatemala"
        },
        {
          "value": "Pacific/Guam",
          "name": "Pacific/Guam"
        },
        {
          "value": "Africa/Bissau",
          "name": "Africa/Bissau"
        },
        {
          "value": "America/Guyana",
          "name": "America/Guyana"
        },
        {
          "value": "Asia/Hong_Kong",
          "name": "Asia/Hong_Kong"
        },
        {
          "value": "America/Tegucigalpa",
          "name": "America/Tegucigalpa"
        },
        {
          "value": "Europe/Belgrade",
          "name": "Europe/Belgrade"
        },
        {
          "value": "Europe/Zagreb",
          "name": "Europe/Zagreb"
        },
        {
          "value": "America/Port-au-Prince",
          "name": "America/Port-au-Prince"
        },
        {
          "value": "Europe/Budapest",
          "name": "Europe/Budapest"
        },
        {
          "value": "Asia/Jakarta",
          "name": "Asia/Jakarta"
        },
        {
          "value": "Asia/Jayapura",
          "name": "Asia/Jayapura"
        },
        {
          "value": "Asia/Makassar",
          "name": "Asia/Makassar"
        },
        {
          "value": "Asia/Pontianak",
          "name": "Asia/Pontianak"
        },
        {
          "value": "Europe/Dublin",
          "name": "Europe/Dublin"
        },
        {
          "value": "Asia/Jerusalem",
          "name": "Asia/Jerusalem"
        },
        {
          "value": "Europe/Isle_of_Man",
          "name": "Europe/Isle_of_Man"
        },
        {
          "value": "Europe/London",
          "name": "Europe/London"
        },
        {
          "value": "Asia/Kolkata",
          "name": "Asia/Kolkata"
        },
        {
          "value": "Indian/Chagos",
          "name": "Indian/Chagos"
        },
        {
          "value": "Asia/Baghdad",
          "name": "Asia/Baghdad"
        },
        {
          "value": "Asia/Tehran",
          "name": "Asia/Tehran"
        },
        {
          "value": "Africa/Abidjan",
          "name": "Africa/Abidjan"
        },
        {
          "value": "Atlantic/Reykjavik",
          "name": "Atlantic/Reykjavik"
        },
        {
          "value": "Europe/Rome",
          "name": "Europe/Rome"
        },
        {
          "value": "Europe/Jersey",
          "name": "Europe/Jersey"
        },
        {
          "value": "Europe/London",
          "name": "Europe/London"
        },
        {
          "value": "America/Jamaica",
          "name": "America/Jamaica"
        },
        {
          "value": "Asia/Amman",
          "name": "Asia/Amman"
        },
        {
          "value": "Asia/Tokyo",
          "name": "Asia/Tokyo"
        },
        {
          "value": "Africa/Nairobi",
          "name": "Africa/Nairobi"
        },
        {
          "value": "Asia/Bishkek",
          "name": "Asia/Bishkek"
        },
        {
          "value": "Asia/Bangkok",
          "name": "Asia/Bangkok"
        },
        {
          "value": "Asia/Phnom_Penh",
          "name": "Asia/Phnom_Penh"
        },
        {
          "value": "Pacific/Kanton",
          "name": "Pacific/Kanton"
        },
        {
          "value": "Pacific/Kiritimati",
          "name": "Pacific/Kiritimati"
        },
        {
          "value": "Pacific/Tarawa",
          "name": "Pacific/Tarawa"
        },
        {
          "value": "Africa/Nairobi",
          "name": "Africa/Nairobi"
        },
        {
          "value": "Indian/Comoro",
          "name": "Indian/Comoro"
        },
        {
          "value": "America/Puerto_Rico",
          "name": "America/Puerto_Rico"
        },
        {
          "value": "America/St_Kitts",
          "name": "America/St_Kitts"
        },
        {
          "value": "Asia/Pyongyang",
          "name": "Asia/Pyongyang"
        },
        {
          "value": "Asia/Seoul",
          "name": "Asia/Seoul"
        },
        {
          "value": "Asia/Kuwait",
          "name": "Asia/Kuwait"
        },
        {
          "value": "Asia/Riyadh",
          "name": "Asia/Riyadh"
        },
        {
          "value": "America/Cayman",
          "name": "America/Cayman"
        },
        {
          "value": "America/Panama",
          "name": "America/Panama"
        },
        {
          "value": "Asia/Almaty",
          "name": "Asia/Almaty"
        },
        {
          "value": "Asia/Aqtau",
          "name": "Asia/Aqtau"
        },
        {
          "value": "Asia/Aqtobe",
          "name": "Asia/Aqtobe"
        },
        {
          "value": "Asia/Atyrau",
          "name": "Asia/Atyrau"
        },
        {
          "value": "Asia/Oral",
          "name": "Asia/Oral"
        },
        {
          "value": "Asia/Qostanay",
          "name": "Asia/Qostanay"
        },
        {
          "value": "Asia/Qyzylorda",
          "name": "Asia/Qyzylorda"
        },
        {
          "value": "Asia/Bangkok",
          "name": "Asia/Bangkok"
        },
        {
          "value": "Asia/Vientiane",
          "name": "Asia/Vientiane"
        },
        {
          "value": "Asia/Beirut",
          "name": "Asia/Beirut"
        },
        {
          "value": "America/Puerto_Rico",
          "name": "America/Puerto_Rico"
        },
        {
          "value": "America/St_Lucia",
          "name": "America/St_Lucia"
        },
        {
          "value": "Europe/Vaduz",
          "name": "Europe/Vaduz"
        },
        {
          "value": "Europe/Zurich",
          "name": "Europe/Zurich"
        },
        {
          "value": "Asia/Colombo",
          "name": "Asia/Colombo"
        },
        {
          "value": "Africa/Monrovia",
          "name": "Africa/Monrovia"
        },
        {
          "value": "Africa/Johannesburg",
          "name": "Africa/Johannesburg"
        },
        {
          "value": "Africa/Maseru",
          "name": "Africa/Maseru"
        },
        {
          "value": "Europe/Vilnius",
          "name": "Europe/Vilnius"
        },
        {
          "value": "Europe/Brussels",
          "name": "Europe/Brussels"
        },
        {
          "value": "Europe/Luxembourg",
          "name": "Europe/Luxembourg"
        },
        {
          "value": "Europe/Riga",
          "name": "Europe/Riga"
        },
        {
          "value": "Africa/Tripoli",
          "name": "Africa/Tripoli"
        },
        {
          "value": "Africa/Casablanca",
          "name": "Africa/Casablanca"
        },
        {
          "value": "Europe/Monaco",
          "name": "Europe/Monaco"
        },
        {
          "value": "Europe/Paris",
          "name": "Europe/Paris"
        },
        {
          "value": "Europe/Chisinau",
          "name": "Europe/Chisinau"
        },
        {
          "value": "Europe/Belgrade",
          "name": "Europe/Belgrade"
        },
        {
          "value": "Europe/Podgorica",
          "name": "Europe/Podgorica"
        },
        {
          "value": "America/Marigot",
          "name": "America/Marigot"
        },
        {
          "value": "America/Puerto_Rico",
          "name": "America/Puerto_Rico"
        },
        {
          "value": "Africa/Nairobi",
          "name": "Africa/Nairobi"
        },
        {
          "value": "Indian/Antananarivo",
          "name": "Indian/Antananarivo"
        },
        {
          "value": "Pacific/Kwajalein",
          "name": "Pacific/Kwajalein"
        },
        {
          "value": "Pacific/Majuro",
          "name": "Pacific/Majuro"
        },
        {
          "value": "Pacific/Tarawa",
          "name": "Pacific/Tarawa"
        },
        {
          "value": "Europe/Belgrade",
          "name": "Europe/Belgrade"
        },
        {
          "value": "Europe/Skopje",
          "name": "Europe/Skopje"
        },
        {
          "value": "Africa/Abidjan",
          "name": "Africa/Abidjan"
        },
        {
          "value": "Africa/Bamako",
          "name": "Africa/Bamako"
        },
        {
          "value": "Asia/Yangon",
          "name": "Asia/Yangon"
        },
        {
          "value": "Asia/Hovd",
          "name": "Asia/Hovd"
        },
        {
          "value": "Asia/Ulaanbaatar",
          "name": "Asia/Ulaanbaatar"
        },
        {
          "value": "Asia/Macau",
          "name": "Asia/Macau"
        },
        {
          "value": "Pacific/Guam",
          "name": "Pacific/Guam"
        },
        {
          "value": "Pacific/Saipan",
          "name": "Pacific/Saipan"
        },
        {
          "value": "America/Martinique",
          "name": "America/Martinique"
        },
        {
          "value": "Africa/Abidjan",
          "name": "Africa/Abidjan"
        },
        {
          "value": "Africa/Nouakchott",
          "name": "Africa/Nouakchott"
        },
        {
          "value": "America/Montserrat",
          "name": "America/Montserrat"
        },
        {
          "value": "America/Puerto_Rico",
          "name": "America/Puerto_Rico"
        },
        {
          "value": "Europe/Malta",
          "name": "Europe/Malta"
        },
        {
          "value": "Indian/Mauritius",
          "name": "Indian/Mauritius"
        },
        {
          "value": "Indian/Maldives",
          "name": "Indian/Maldives"
        },
        {
          "value": "Africa/Blantyre",
          "name": "Africa/Blantyre"
        },
        {
          "value": "Africa/Maputo",
          "name": "Africa/Maputo"
        },
        {
          "value": "America/Bahia_Banderas",
          "name": "America/Bahia_Banderas"
        },
        {
          "value": "America/Cancun",
          "name": "America/Cancun"
        },
        {
          "value": "America/Chihuahua",
          "name": "America/Chihuahua"
        },
        {
          "value": "America/Ciudad_Juarez",
          "name": "America/Ciudad_Juarez"
        },
        {
          "value": "America/Hermosillo",
          "name": "America/Hermosillo"
        },
        {
          "value": "America/Matamoros",
          "name": "America/Matamoros"
        },
        {
          "value": "America/Mazatlan",
          "name": "America/Mazatlan"
        },
        {
          "value": "America/Merida",
          "name": "America/Merida"
        },
        {
          "value": "America/Mexico_City",
          "name": "America/Mexico_City"
        },
        {
          "value": "America/Monterrey",
          "name": "America/Monterrey"
        },
        {
          "value": "America/Ojinaga",
          "name": "America/Ojinaga"
        },
        {
          "value": "America/Tijuana",
          "name": "America/Tijuana"
        },
        {
          "value": "Asia/Kuala_Lumpur",
          "name": "Asia/Kuala_Lumpur"
        },
        {
          "value": "Asia/Kuching",
          "name": "Asia/Kuching"
        },
        {
          "value": "Asia/Singapore",
          "name": "Asia/Singapore"
        },
        {
          "value": "Africa/Maputo",
          "name": "Africa/Maputo"
        },
        {
          "value": "Africa/Windhoek",
          "name": "Africa/Windhoek"
        },
        {
          "value": "Pacific/Noumea",
          "name": "Pacific/Noumea"
        },
        {
          "value": "Africa/Lagos",
          "name": "Africa/Lagos"
        },
        {
          "value": "Africa/Niamey",
          "name": "Africa/Niamey"
        },
        {
          "value": "Pacific/Norfolk",
          "name": "Pacific/Norfolk"
        },
        {
          "value": "Africa/Lagos",
          "name": "Africa/Lagos"
        },
        {
          "value": "America/Managua",
          "name": "America/Managua"
        },
        {
          "value": "Europe/Amsterdam",
          "name": "Europe/Amsterdam"
        },
        {
          "value": "Europe/Brussels",
          "name": "Europe/Brussels"
        },
        {
          "value": "Europe/Berlin",
          "name": "Europe/Berlin"
        },
        {
          "value": "Europe/Oslo",
          "name": "Europe/Oslo"
        },
        {
          "value": "Asia/Kathmandu",
          "name": "Asia/Kathmandu"
        },
        {
          "value": "Pacific/Nauru",
          "name": "Pacific/Nauru"
        },
        {
          "value": "Pacific/Niue",
          "name": "Pacific/Niue"
        },
        {
          "value": "Pacific/Auckland",
          "name": "Pacific/Auckland"
        },
        {
          "value": "Pacific/Chatham",
          "name": "Pacific/Chatham"
        },
        {
          "value": "Asia/Dubai",
          "name": "Asia/Dubai"
        },
        {
          "value": "Asia/Muscat",
          "name": "Asia/Muscat"
        },
        {
          "value": "America/Panama",
          "name": "America/Panama"
        },
        {
          "value": "America/Lima",
          "name": "America/Lima"
        },
        {
          "value": "Pacific/Gambier",
          "name": "Pacific/Gambier"
        },
        {
          "value": "Pacific/Marquesas",
          "name": "Pacific/Marquesas"
        },
        {
          "value": "Pacific/Tahiti",
          "name": "Pacific/Tahiti"
        },
        {
          "value": "Pacific/Bougainville",
          "name": "Pacific/Bougainville"
        },
        {
          "value": "Pacific/Port_Moresby",
          "name": "Pacific/Port_Moresby"
        },
        {
          "value": "Asia/Manila",
          "name": "Asia/Manila"
        },
        {
          "value": "Asia/Karachi",
          "name": "Asia/Karachi"
        },
        {
          "value": "Europe/Warsaw",
          "name": "Europe/Warsaw"
        },
        {
          "value": "America/Miquelon",
          "name": "America/Miquelon"
        },
        {
          "value": "Pacific/Pitcairn",
          "name": "Pacific/Pitcairn"
        },
        {
          "value": "America/Puerto_Rico",
          "name": "America/Puerto_Rico"
        },
        {
          "value": "Asia/Gaza",
          "name": "Asia/Gaza"
        },
        {
          "value": "Asia/Hebron",
          "name": "Asia/Hebron"
        },
        {
          "value": "Atlantic/Azores",
          "name": "Atlantic/Azores"
        },
        {
          "value": "Atlantic/Madeira",
          "name": "Atlantic/Madeira"
        },
        {
          "value": "Europe/Lisbon",
          "name": "Europe/Lisbon"
        },
        {
          "value": "Pacific/Palau",
          "name": "Pacific/Palau"
        },
        {
          "value": "America/Asuncion",
          "name": "America/Asuncion"
        },
        {
          "value": "Asia/Qatar",
          "name": "Asia/Qatar"
        },
        {
          "value": "Asia/Dubai",
          "name": "Asia/Dubai"
        },
        {
          "value": "Indian/Reunion",
          "name": "Indian/Reunion"
        },
        {
          "value": "Europe/Bucharest",
          "name": "Europe/Bucharest"
        },
        {
          "value": "Europe/Belgrade",
          "name": "Europe/Belgrade"
        },
        {
          "value": "Asia/Anadyr",
          "name": "Asia/Anadyr"
        },
        {
          "value": "Asia/Barnaul",
          "name": "Asia/Barnaul"
        },
        {
          "value": "Asia/Chita",
          "name": "Asia/Chita"
        },
        {
          "value": "Asia/Irkutsk",
          "name": "Asia/Irkutsk"
        },
        {
          "value": "Asia/Kamchatka",
          "name": "Asia/Kamchatka"
        },
        {
          "value": "Asia/Khandyga",
          "name": "Asia/Khandyga"
        },
        {
          "value": "Asia/Krasnoyarsk",
          "name": "Asia/Krasnoyarsk"
        },
        {
          "value": "Asia/Magadan",
          "name": "Asia/Magadan"
        },
        {
          "value": "Asia/Novokuznetsk",
          "name": "Asia/Novokuznetsk"
        },
        {
          "value": "Asia/Novosibirsk",
          "name": "Asia/Novosibirsk"
        },
        {
          "value": "Asia/Omsk",
          "name": "Asia/Omsk"
        },
        {
          "value": "Asia/Sakhalin",
          "name": "Asia/Sakhalin"
        },
        {
          "value": "Asia/Srednekolymsk",
          "name": "Asia/Srednekolymsk"
        },
        {
          "value": "Asia/Tomsk",
          "name": "Asia/Tomsk"
        },
        {
          "value": "Asia/Ust-Nera",
          "name": "Asia/Ust-Nera"
        },
        {
          "value": "Asia/Vladivostok",
          "name": "Asia/Vladivostok"
        },
        {
          "value": "Asia/Yakutsk",
          "name": "Asia/Yakutsk"
        },
        {
          "value": "Asia/Yekaterinburg",
          "name": "Asia/Yekaterinburg"
        },
        {
          "value": "Europe/Astrakhan",
          "name": "Europe/Astrakhan"
        },
        {
          "value": "Europe/Kaliningrad",
          "name": "Europe/Kaliningrad"
        },
        {
          "value": "Europe/Kirov",
          "name": "Europe/Kirov"
        },
        {
          "value": "Europe/Moscow",
          "name": "Europe/Moscow"
        },
        {
          "value": "Europe/Samara",
          "name": "Europe/Samara"
        },
        {
          "value": "Europe/Saratov",
          "name": "Europe/Saratov"
        },
        {
          "value": "Europe/Simferopol",
          "name": "Europe/Simferopol"
        },
        {
          "value": "Europe/Ulyanovsk",
          "name": "Europe/Ulyanovsk"
        },
        {
          "value": "Europe/Volgograd",
          "name": "Europe/Volgograd"
        },
        {
          "value": "Africa/Kigali",
          "name": "Africa/Kigali"
        },
        {
          "value": "Africa/Maputo",
          "name": "Africa/Maputo"
        },
        {
          "value": "Asia/Riyadh",
          "name": "Asia/Riyadh"
        },
        {
          "value": "Pacific/Guadalcanal",
          "name": "Pacific/Guadalcanal"
        },
        {
          "value": "Asia/Dubai",
          "name": "Asia/Dubai"
        },
        {
          "value": "Indian/Mahe",
          "name": "Indian/Mahe"
        },
        {
          "value": "Africa/Khartoum",
          "name": "Africa/Khartoum"
        },
        {
          "value": "Europe/Berlin",
          "name": "Europe/Berlin"
        },
        {
          "value": "Europe/Stockholm",
          "name": "Europe/Stockholm"
        },
        {
          "value": "Asia/Singapore",
          "name": "Asia/Singapore"
        },
        {
          "value": "Africa/Abidjan",
          "name": "Africa/Abidjan"
        },
        {
          "value": "Atlantic/St_Helena",
          "name": "Atlantic/St_Helena"
        },
        {
          "value": "Europe/Belgrade",
          "name": "Europe/Belgrade"
        },
        {
          "value": "Europe/Ljubljana",
          "name": "Europe/Ljubljana"
        },
        {
          "value": "Arctic/Longyearbyen",
          "name": "Arctic/Longyearbyen"
        },
        {
          "value": "Europe/Berlin",
          "name": "Europe/Berlin"
        },
        {
          "value": "Europe/Bratislava",
          "name": "Europe/Bratislava"
        },
        {
          "value": "Europe/Prague",
          "name": "Europe/Prague"
        },
        {
          "value": "Africa/Abidjan",
          "name": "Africa/Abidjan"
        },
        {
          "value": "Africa/Freetown",
          "name": "Africa/Freetown"
        },
        {
          "value": "Europe/Rome",
          "name": "Europe/Rome"
        },
        {
          "value": "Europe/San_Marino",
          "name": "Europe/San_Marino"
        },
        {
          "value": "Africa/Abidjan",
          "name": "Africa/Abidjan"
        },
        {
          "value": "Africa/Dakar",
          "name": "Africa/Dakar"
        },
        {
          "value": "Africa/Mogadishu",
          "name": "Africa/Mogadishu"
        },
        {
          "value": "Africa/Nairobi",
          "name": "Africa/Nairobi"
        },
        {
          "value": "America/Paramaribo",
          "name": "America/Paramaribo"
        },
        {
          "value": "Africa/Juba",
          "name": "Africa/Juba"
        },
        {
          "value": "Africa/Sao_Tome",
          "name": "Africa/Sao_Tome"
        },
        {
          "value": "America/El_Salvador",
          "name": "America/El_Salvador"
        },
        {
          "value": "America/Lower_Princes",
          "name": "America/Lower_Princes"
        },
        {
          "value": "America/Puerto_Rico",
          "name": "America/Puerto_Rico"
        },
        {
          "value": "Asia/Damascus",
          "name": "Asia/Damascus"
        },
        {
          "value": "Africa/Johannesburg",
          "name": "Africa/Johannesburg"
        },
        {
          "value": "Africa/Mbabane",
          "name": "Africa/Mbabane"
        },
        {
          "value": "America/Grand_Turk",
          "name": "America/Grand_Turk"
        },
        {
          "value": "Africa/Ndjamena",
          "name": "Africa/Ndjamena"
        },
        {
          "value": "Asia/Dubai",
          "name": "Asia/Dubai"
        },
        {
          "value": "Indian/Kerguelen",
          "name": "Indian/Kerguelen"
        },
        {
          "value": "Indian/Maldives",
          "name": "Indian/Maldives"
        },
        {
          "value": "Africa/Abidjan",
          "name": "Africa/Abidjan"
        },
        {
          "value": "Africa/Lome",
          "name": "Africa/Lome"
        },
        {
          "value": "Asia/Bangkok",
          "name": "Asia/Bangkok"
        },
        {
          "value": "Asia/Dushanbe",
          "name": "Asia/Dushanbe"
        },
        {
          "value": "Pacific/Fakaofo",
          "name": "Pacific/Fakaofo"
        },
        {
          "value": "Asia/Dili",
          "name": "Asia/Dili"
        },
        {
          "value": "Asia/Ashgabat",
          "name": "Asia/Ashgabat"
        },
        {
          "value": "Africa/Tunis",
          "name": "Africa/Tunis"
        },
        {
          "value": "Pacific/Tongatapu",
          "name": "Pacific/Tongatapu"
        },
        {
          "value": "Europe/Istanbul",
          "name": "Europe/Istanbul"
        },
        {
          "value": "America/Port_of_Spain",
          "name": "America/Port_of_Spain"
        },
        {
          "value": "America/Puerto_Rico",
          "name": "America/Puerto_Rico"
        },
        {
          "value": "Pacific/Funafuti",
          "name": "Pacific/Funafuti"
        },
        {
          "value": "Pacific/Tarawa",
          "name": "Pacific/Tarawa"
        },
        {
          "value": "Asia/Taipei",
          "name": "Asia/Taipei"
        },
        {
          "value": "Africa/Dar_es_Salaam",
          "name": "Africa/Dar_es_Salaam"
        },
        {
          "value": "Africa/Nairobi",
          "name": "Africa/Nairobi"
        },
        {
          "value": "Europe/Kyiv",
          "name": "Europe/Kyiv"
        },
        {
          "value": "Europe/Simferopol",
          "name": "Europe/Simferopol"
        },
        {
          "value": "Africa/Kampala",
          "name": "Africa/Kampala"
        },
        {
          "value": "Africa/Nairobi",
          "name": "Africa/Nairobi"
        },
        {
          "value": "Pacific/Midway",
          "name": "Pacific/Midway"
        },
        {
          "value": "Pacific/Pago_Pago",
          "name": "Pacific/Pago_Pago"
        },
        {
          "value": "Pacific/Tarawa",
          "name": "Pacific/Tarawa"
        },
        {
          "value": "Pacific/Wake",
          "name": "Pacific/Wake"
        },
        {
          "value": "America/Adak",
          "name": "America/Adak"
        },
        {
          "value": "America/Anchorage",
          "name": "America/Anchorage"
        },
        {
          "value": "America/Boise",
          "name": "America/Boise"
        },
        {
          "value": "America/Chicago",
          "name": "America/Chicago"
        },
        {
          "value": "America/Denver",
          "name": "America/Denver"
        },
        {
          "value": "America/Detroit",
          "name": "America/Detroit"
        },
        {
          "value": "America/Indiana/Indianapolis",
          "name": "America/Indiana/Indianapolis"
        },
        {
          "value": "America/Indiana/Knox",
          "name": "America/Indiana/Knox"
        },
        {
          "value": "America/Indiana/Marengo",
          "name": "America/Indiana/Marengo"
        },
        {
          "value": "America/Indiana/Petersburg",
          "name": "America/Indiana/Petersburg"
        },
        {
          "value": "America/Indiana/Tell_City",
          "name": "America/Indiana/Tell_City"
        },
        {
          "value": "America/Indiana/Vevay",
          "name": "America/Indiana/Vevay"
        },
        {
          "value": "America/Indiana/Vincennes",
          "name": "America/Indiana/Vincennes"
        },
        {
          "value": "America/Indiana/Winamac",
          "name": "America/Indiana/Winamac"
        },
        {
          "value": "America/Juneau",
          "name": "America/Juneau"
        },
        {
          "value": "America/Kentucky/Louisville",
          "name": "America/Kentucky/Louisville"
        },
        {
          "value": "America/Kentucky/Monticello",
          "name": "America/Kentucky/Monticello"
        },
        {
          "value": "America/Los_Angeles",
          "name": "America/Los_Angeles"
        },
        {
          "value": "America/Menominee",
          "name": "America/Menominee"
        },
        {
          "value": "America/Metlakatla",
          "name": "America/Metlakatla"
        },
        {
          "value": "America/New_York",
          "name": "America/New_York"
        },
        {
          "value": "America/Nome",
          "name": "America/Nome"
        },
        {
          "value": "America/North_Dakota/Beulah",
          "name": "America/North_Dakota/Beulah"
        },
        {
          "value": "America/North_Dakota/Center",
          "name": "America/North_Dakota/Center"
        },
        {
          "value": "America/North_Dakota/New_Salem",
          "name": "America/North_Dakota/New_Salem"
        },
        {
          "value": "America/Phoenix",
          "name": "America/Phoenix"
        },
        {
          "value": "America/Sitka",
          "name": "America/Sitka"
        },
        {
          "value": "America/Yakutat",
          "name": "America/Yakutat"
        },
        {
          "value": "Pacific/Honolulu",
          "name": "Pacific/Honolulu"
        },
        {
          "value": "America/Montevideo",
          "name": "America/Montevideo"
        },
        {
          "value": "Asia/Samarkand",
          "name": "Asia/Samarkand"
        },
        {
          "value": "Asia/Tashkent",
          "name": "Asia/Tashkent"
        },
        {
          "value": "Europe/Rome",
          "name": "Europe/Rome"
        },
        {
          "value": "Europe/Vatican",
          "name": "Europe/Vatican"
        },
        {
          "value": "America/Puerto_Rico",
          "name": "America/Puerto_Rico"
        },
        {
          "value": "America/St_Vincent",
          "name": "America/St_Vincent"
        },
        {
          "value": "America/Caracas",
          "name": "America/Caracas"
        },
        {
          "value": "America/Puerto_Rico",
          "name": "America/Puerto_Rico"
        },
        {
          "value": "America/Tortola",
          "name": "America/Tortola"
        },
        {
          "value": "America/Puerto_Rico",
          "name": "America/Puerto_Rico"
        },
        {
          "value": "America/St_Thomas",
          "name": "America/St_Thomas"
        },
        {
          "value": "Asia/Bangkok",
          "name": "Asia/Bangkok"
        },
        {
          "value": "Asia/Ho_Chi_Minh",
          "name": "Asia/Ho_Chi_Minh"
        },
        {
          "value": "Pacific/Efate",
          "name": "Pacific/Efate"
        },
        {
          "value": "Pacific/Tarawa",
          "name": "Pacific/Tarawa"
        },
        {
          "value": "Pacific/Wallis",
          "name": "Pacific/Wallis"
        },
        {
          "value": "Pacific/Apia",
          "name": "Pacific/Apia"
        },
        {
          "value": "Asia/Aden",
          "name": "Asia/Aden"
        },
        {
          "value": "Asia/Riyadh",
          "name": "Asia/Riyadh"
        },
        {
          "value": "Africa/Nairobi",
          "name": "Africa/Nairobi"
        },
        {
          "value": "Indian/Mayotte",
          "name": "Indian/Mayotte"
        },
        {
          "value": "Africa/Johannesburg",
          "name": "Africa/Johannesburg"
        },
        {
          "value": "Africa/Lusaka",
          "name": "Africa/Lusaka"
        },
        {
          "value": "Africa/Maputo",
          "name": "Africa/Maputo"
        },
        {
          "value": "Africa/Harare",
          "name": "Africa/Harare"
        },
        {
          "value": "Africa/Maputo",
          "name": "Africa/Maputo"
        }
      ]
    }
  ]
}